playlistTrackIndex,playlistId,trackId
6UeSakyzhiEt4NB3UAd6NQ-0,6UeSakyzhiEt4NB3UAd6NQ,4IadxL6BUymXlh8RCJJu7T
6UeSakyzhiEt4NB3UAd6NQ-1,6UeSakyzhiEt4NB3UAd6NQ,2tudvzsrR56uom6smgOcSf
6UeSakyzhiEt4NB3UAd6NQ-2,6UeSakyzhiEt4NB3UAd6NQ,6tNQ70jh4OwmPGpYy6R2o9
6UeSakyzhiEt4NB3UAd6NQ-3,6UeSakyzhiEt4NB3UAd6NQ,6usohdchdzW9oML7VC4Uhk
6UeSakyzhiEt4NB3UAd6NQ-4,6UeSakyzhiEt4NB3UAd6NQ,0Z7nGFVCLfixWctgePsRk9
6UeSakyzhiEt4NB3UAd6NQ-5,6UeSakyzhiEt4NB3UAd6NQ,4xhsWYTOGcal8zt0J161CU
6UeSakyzhiEt4NB3UAd6NQ-6,6UeSakyzhiEt4NB3UAd6NQ,1bjeWoagtHmUKputLVyDxQ
6UeSakyzhiEt4NB3UAd6NQ-7,6UeSakyzhiEt4NB3UAd6NQ,4KULAymBBJcPRpk1yO4dOG
6UeSakyzhiEt4NB3UAd6NQ-8,6UeSakyzhiEt4NB3UAd6NQ,2GxrNKugF82CnoRFbQfzPf
6UeSakyzhiEt4NB3UAd6NQ-9,6UeSakyzhiEt4NB3UAd6NQ,28drn6tQo95MRvO0jQEo5C
6UeSakyzhiEt4NB3UAd6NQ-10,6UeSakyzhiEt4NB3UAd6NQ,7dJYggqjKo71KI9sLzqCs8
6UeSakyzhiEt4NB3UAd6NQ-11,6UeSakyzhiEt4NB3UAd6NQ,3rUGC1vUpkDG9CZFHMur1t
6UeSakyzhiEt4NB3UAd6NQ-12,6UeSakyzhiEt4NB3UAd6NQ,1Lo0QY9cvc8sUB2vnIOxDT
6UeSakyzhiEt4NB3UAd6NQ-13,6UeSakyzhiEt4NB3UAd6NQ,4iZ4pt7kvcaH6Yo8UoZ4s2
6UeSakyzhiEt4NB3UAd6NQ-14,6UeSakyzhiEt4NB3UAd6NQ,3w0w2T288dec0mgeZZqoNN
6UeSakyzhiEt4NB3UAd6NQ-15,6UeSakyzhiEt4NB3UAd6NQ,7sVbKoBdhXtYCEOO6qC1SN
6UeSakyzhiEt4NB3UAd6NQ-16,6UeSakyzhiEt4NB3UAd6NQ,2MjXWroB9wlTG2kqv3avfS
6UeSakyzhiEt4NB3UAd6NQ-17,6UeSakyzhiEt4NB3UAd6NQ,3qhlB30KknSejmIvZZLjOD
6UeSakyzhiEt4NB3UAd6NQ-18,6UeSakyzhiEt4NB3UAd6NQ,52eIcoLUM25zbQupAZYoFh
6UeSakyzhiEt4NB3UAd6NQ-19,6UeSakyzhiEt4NB3UAd6NQ,5aIVCx5tnk0ntmdiinnYvw
6UeSakyzhiEt4NB3UAd6NQ-20,6UeSakyzhiEt4NB3UAd6NQ,6XjDF6nds4DE2BBbagZol6
6UeSakyzhiEt4NB3UAd6NQ-21,6UeSakyzhiEt4NB3UAd6NQ,6b81dy3WjbozXK6b7C1gu5
6UeSakyzhiEt4NB3UAd6NQ-22,6UeSakyzhiEt4NB3UAd6NQ,0eBFgRxyVSeuT4iyrbukdn
6UeSakyzhiEt4NB3UAd6NQ-23,6UeSakyzhiEt4NB3UAd6NQ,3QS9ZCtoSCJhmaJ7QNXSAS
6UeSakyzhiEt4NB3UAd6NQ-24,6UeSakyzhiEt4NB3UAd6NQ,57wp7VFnV8X0pSVnYArGeJ
6UeSakyzhiEt4NB3UAd6NQ-25,6UeSakyzhiEt4NB3UAd6NQ,6uTPdRrEDeH8Fyg5L5qmeU
6UeSakyzhiEt4NB3UAd6NQ-26,6UeSakyzhiEt4NB3UAd6NQ,2FQrifJ1N335Ljm3TjTVVf
6UeSakyzhiEt4NB3UAd6NQ-27,6UeSakyzhiEt4NB3UAd6NQ,0hKtu53OlIFXVuYkZwcn3o
6UeSakyzhiEt4NB3UAd6NQ-28,6UeSakyzhiEt4NB3UAd6NQ,0wXThIDxO3YRJCpPgnmbkw
6UeSakyzhiEt4NB3UAd6NQ-29,6UeSakyzhiEt4NB3UAd6NQ,4Dx4e0X5dR6TW85dtFU42x
6UeSakyzhiEt4NB3UAd6NQ-30,6UeSakyzhiEt4NB3UAd6NQ,2IGMVunIBsBLtEQyoI1Mu7
6UeSakyzhiEt4NB3UAd6NQ-31,6UeSakyzhiEt4NB3UAd6NQ,2BOpFmZQ89Rjm2wvmud1MU
6UeSakyzhiEt4NB3UAd6NQ-32,6UeSakyzhiEt4NB3UAd6NQ,59xD5osEFsaNt5PXfIKUnX
6UeSakyzhiEt4NB3UAd6NQ-33,6UeSakyzhiEt4NB3UAd6NQ,42VsgItocQwOQC3XWZ8JNA
6UeSakyzhiEt4NB3UAd6NQ-34,6UeSakyzhiEt4NB3UAd6NQ,2kE2HFBFkJ0VMw3igxYohz
6UeSakyzhiEt4NB3UAd6NQ-35,6UeSakyzhiEt4NB3UAd6NQ,1UP7PXne1lIYZB5G5aiRGL
6UeSakyzhiEt4NB3UAd6NQ-36,6UeSakyzhiEt4NB3UAd6NQ,4OMJGnvZfDvsePyCwRGO7X
6UeSakyzhiEt4NB3UAd6NQ-37,6UeSakyzhiEt4NB3UAd6NQ,6WO7IDGLakjO38lsvI2gHB
6UeSakyzhiEt4NB3UAd6NQ-38,6UeSakyzhiEt4NB3UAd6NQ,6RWCvgNCEqXuVZYnDTPDEh
6UeSakyzhiEt4NB3UAd6NQ-39,6UeSakyzhiEt4NB3UAd6NQ,0SdpzQRdK8BdSV57rn6AZZ
6UeSakyzhiEt4NB3UAd6NQ-40,6UeSakyzhiEt4NB3UAd6NQ,4iEoDBAgMJIzest7VsDgmT
6UeSakyzhiEt4NB3UAd6NQ-41,6UeSakyzhiEt4NB3UAd6NQ,0ZDwhNFZnPx9EIPCcwGUHC
6UeSakyzhiEt4NB3UAd6NQ-42,6UeSakyzhiEt4NB3UAd6NQ,4k8XSN1nCJ0rMf4OKF3zEz
6UeSakyzhiEt4NB3UAd6NQ-43,6UeSakyzhiEt4NB3UAd6NQ,4XqBLxDaEdlqkHlSlb1Rzq
6UeSakyzhiEt4NB3UAd6NQ-44,6UeSakyzhiEt4NB3UAd6NQ,3Pbp7cUCx4d3OAkZSCoNvn
6UeSakyzhiEt4NB3UAd6NQ-45,6UeSakyzhiEt4NB3UAd6NQ,0R6NfOiLzLj4O5VbYSJAjf
6UeSakyzhiEt4NB3UAd6NQ-46,6UeSakyzhiEt4NB3UAd6NQ,3lMzT16MjAKKXF7pSZn13B
6UeSakyzhiEt4NB3UAd6NQ-47,6UeSakyzhiEt4NB3UAd6NQ,55i5Hdv7VkcQtXCn1zyvKg
6UeSakyzhiEt4NB3UAd6NQ-48,6UeSakyzhiEt4NB3UAd6NQ,0QosomGFiJYOxj2ViZfqng
6UeSakyzhiEt4NB3UAd6NQ-49,6UeSakyzhiEt4NB3UAd6NQ,6J9ULUfgdVZfWnofbtLkfh
6UeSakyzhiEt4NB3UAd6NQ-50,6UeSakyzhiEt4NB3UAd6NQ,1nQaTUDJ7Rc4yOvZmg9Ozr
6UeSakyzhiEt4NB3UAd6NQ-51,6UeSakyzhiEt4NB3UAd6NQ,6VpH2prT3NGiK5pnpG2L3J
6UeSakyzhiEt4NB3UAd6NQ-52,6UeSakyzhiEt4NB3UAd6NQ,0lOQaZwX9AkAiSvObh4G70
6UeSakyzhiEt4NB3UAd6NQ-53,6UeSakyzhiEt4NB3UAd6NQ,3FqUPvubYeRCMsdJ02QyZR
6UeSakyzhiEt4NB3UAd6NQ-54,6UeSakyzhiEt4NB3UAd6NQ,3h76tbaYIamSeJL81X7ZwI
6UeSakyzhiEt4NB3UAd6NQ-55,6UeSakyzhiEt4NB3UAd6NQ,0cGn4vxyoBftN61XUv2aQk
6UeSakyzhiEt4NB3UAd6NQ-56,6UeSakyzhiEt4NB3UAd6NQ,3OxL6MuctgZp1e0zxoAZhH
6UeSakyzhiEt4NB3UAd6NQ-57,6UeSakyzhiEt4NB3UAd6NQ,6Gf8Op8esgwchp44p1tIDp
6UeSakyzhiEt4NB3UAd6NQ-58,6UeSakyzhiEt4NB3UAd6NQ,1ZpPaBDswjV3VSUKqLDXPE
6UeSakyzhiEt4NB3UAd6NQ-59,6UeSakyzhiEt4NB3UAd6NQ,5JRYVSZ6K2jY0kznYBmoqr
6UeSakyzhiEt4NB3UAd6NQ-60,6UeSakyzhiEt4NB3UAd6NQ,3h5TiWTqGxjSjFrbruPFH9
6UeSakyzhiEt4NB3UAd6NQ-61,6UeSakyzhiEt4NB3UAd6NQ,5pF8pF6U8ZDGTQmTY71hYn
6UeSakyzhiEt4NB3UAd6NQ-62,6UeSakyzhiEt4NB3UAd6NQ,6Qb7YsAqH4wWFUMbGsCpap
6UeSakyzhiEt4NB3UAd6NQ-63,6UeSakyzhiEt4NB3UAd6NQ,6c0rii1TOf2fvq3hhqqExW
6UeSakyzhiEt4NB3UAd6NQ-64,6UeSakyzhiEt4NB3UAd6NQ,5C8h9PY9oTneqJihbn10NB
6UeSakyzhiEt4NB3UAd6NQ-65,6UeSakyzhiEt4NB3UAd6NQ,2DVHIJA2bLas9cGLmHmUsY
6UeSakyzhiEt4NB3UAd6NQ-66,6UeSakyzhiEt4NB3UAd6NQ,1fAeFPXsX08Ovnn9iV1x27
6UeSakyzhiEt4NB3UAd6NQ-67,6UeSakyzhiEt4NB3UAd6NQ,1pnDvUuAEd6z8bKEsbAjk1
6UeSakyzhiEt4NB3UAd6NQ-68,6UeSakyzhiEt4NB3UAd6NQ,0dEAiKNbHt4mrjjoiL0loc
6UeSakyzhiEt4NB3UAd6NQ-69,6UeSakyzhiEt4NB3UAd6NQ,2PmMh2t7jAtN6cqFooA0Xy
6UeSakyzhiEt4NB3UAd6NQ-70,6UeSakyzhiEt4NB3UAd6NQ,48X5k2vce5rXckgDAnXMsa
6UeSakyzhiEt4NB3UAd6NQ-71,6UeSakyzhiEt4NB3UAd6NQ,7sTyAjxDXq9afwfSQy6D0s
6UeSakyzhiEt4NB3UAd6NQ-72,6UeSakyzhiEt4NB3UAd6NQ,4Orf7Hvci6SZrPIoUjGuFY
6UeSakyzhiEt4NB3UAd6NQ-73,6UeSakyzhiEt4NB3UAd6NQ,6dpLxbF7lfCAnC9QRTjNLK
6UeSakyzhiEt4NB3UAd6NQ-74,6UeSakyzhiEt4NB3UAd6NQ,72kGuWpRiuA149Bn5lDkIO
6UeSakyzhiEt4NB3UAd6NQ-75,6UeSakyzhiEt4NB3UAd6NQ,0ho8zpOysOSWZM9C4jALaV
6UeSakyzhiEt4NB3UAd6NQ-76,6UeSakyzhiEt4NB3UAd6NQ,7nQXU7lu0RhVOSmsa3teKj
